Title,Note,URL,Tags,Comment
,,,,
Dropped pin,"rockler wood working reccomendation, flight place, rc track, oval track, crawling spot. ","https://www.google.com/maps/search/39.5317988,-105.0611461",,
Devils Backbone Trail,"was a recommended from a YouTube subscriber up north in Colorado, would be smart to go here to get some data points for app users up north.",https://www.google.com/maps/place/Devils+Backbone+Trail/data=!4m2!3m1!1s0x876951d8c31884fb:0x993a6965c04fdabe,,
Dropped pin,,"https://www.google.com/maps/search/39.7753346,-105.1153264",,
Dropped pin,,"https://www.google.com/maps/search/39.7753714,-105.1150196",,
Dropped pin,,"https://www.google.com/maps/search/39.7754619,-105.1147158",,
Dropped pin,,"https://www.google.com/maps/search/39.7753647,-105.114738",,
Dropped pin,,"https://www.google.com/maps/search/39.7757479,-105.1154226",,
Bridal Veil Falls,,https://www.google.com/maps/place/Bridal+Veil+Falls/data=!4m2!3m1!1s0x87696e59a580fb29:0x7974705ff30ceb6b,,
Maxwell Falls Trailhead,,https://www.google.com/maps/place/Maxwell+Falls+Trailhead/data=!4m2!3m1!1s0x876b74e3cd9940bf:0xd6fc5e03e1b9063c,,
Tablelands,,https://www.google.com/maps/place/Tablelands/data=!4m2!3m1!1s0x4b7be37aa7b68a85:0xb81df2dcc4d4ba33,,
Northeast Colorado Springs,,https://www.google.com/maps/place/Northeast+Colorado+Springs/data=!4m2!3m1!1s0x87134e3541538469:0x4f524ea29e26736a,,
Dropped pin,"Comp spot, known by people","https://www.google.com/maps/search/39.7055366,-105.106456",,
"39°55'49.9""N 105°25'19.9""W",From comp crawler fb group casey,"https://www.google.com/maps/search/39.930528,-105.422194",,
Coal Creek,,https://www.google.com/maps/place/Coal+Creek/data=!4m2!3m1!1s0x876b9516b29516f7:0x5446c0aebc6fe01,,
Lost Canyon Ranch Open Space,,https://www.google.com/maps/place/Lost+Canyon+Ranch+Open+Space/data=!4m2!3m1!1s0x876cbd755aa1c017:0xdfe4ebda06444387,,
653 S Fraser St,From aaron rock pile aurora,https://www.google.com/maps/place/653+S+Fraser+St/data=!4m2!3m1!1s0x876c62edc152d233:0x1ca1446826f6d9e8,,
Dropped pin,,"https://www.google.com/maps/search/39.7489831,-105.1643424",,
"39°57'24.0""N 105°13'24.8""W",From paul,"https://www.google.com/maps/search/39.9566683,-105.2235441",,
Dropped pin,,"https://www.google.com/maps/search/39.7470918,-105.1532337",,
Dropped pin,,"https://www.google.com/maps/search/39.7472846,-105.1278895",,
Alderfer/Three Sisters East Trailhead,,https://www.google.com/maps/place/Alderfer%2FThree+Sisters+East+Trailhead/data=!4m2!3m1!1s0x876b9e36a3acca67:0xb4f6baa6ce35df71,,
Three sisters,,https://www.google.com/maps/place/Three+sisters/data=!4m2!3m1!1s0x876b9fa1cf1f0783:0x7e2585dde8bbf15f,,
4925 Boonsboro Rd #130,,https://www.google.com/maps/place/4925+Boonsboro+Rd+%23130/data=!4m2!3m1!1s0x89b2d79f28399d4d:0x85a16bfa8d155e7b,,
Dropped pin,,"https://www.google.com/maps/search/39.746793,-105.1522208",,
Dropped pin,Mini moad,"https://www.google.com/maps/search/39.8956737,-105.0551876",,
Dropped pin,Rre red side,"https://www.google.com/maps/search/39.6554112,-105.1964223",,
Dropped pin,,"https://www.google.com/maps/search/39.5342331,-105.1184337",,
Black Bear Trail,,https://www.google.com/maps/place/Black+Bear+Trail/data=!4m2!3m1!1s0x876bbd0bdd63ac1d:0xcd42e536ac8bc0e4,,
Crown Rock Trailhead,,https://www.google.com/maps/place/Crown+Rock+Trailhead/data=!4m2!3m1!1s0x876bec1397e74d8f:0xdfd409867a7ebde6,,
Dropped pin,,"https://www.google.com/maps/search/39.7482554,-105.1638506",,
The Peoples’ Crossing,,https://www.google.com/maps/place/The+Peoples%E2%80%99+Crossing/data=!4m2!3m1!1s0x876bec1c1a2404f9:0x75a45deaa1933b8e,,
Dakota Ridge Trailhead,Good incline,https://www.google.com/maps/place/Dakota+Ridge+Trailhead/data=!4m2!3m1!1s0x876b83445c3247e5:0x766b694239d118d1,,
"39°46'54.9""N 104°54'12.7""W",Other crawling comp loc,"https://www.google.com/maps/search/39.7819167,-104.9035278",,
56 Slate Stone Ln,,https://www.google.com/maps/place/56+Slate+Stone+Ln/data=!4m2!3m1!1s0x885edf413b8c6d7b:0xcfa4df633c95e463,,
Dropped pin,,"https://www.google.com/maps/search/39.9009912,-105.0424203",,
Dropped pin,,"https://www.google.com/maps/search/39.8998466,-105.0385911",,
Applewood,Bdnshhah,https://www.google.com/maps/place/Applewood/data=!4m2!3m1!1s0x876b8698cbd8898d:0xa68faad1874c6586,,
Fort Phoenix State Reservation,,https://www.google.com/maps/place/Fort+Phoenix+State+Reservation/data=!4m2!3m1!1s0x89e4e15ab6dc1359:0x62f9a7f2e04e87c1,,
Dropped pin,,"https://www.google.com/maps/search/39.6529927,-105.0421745",,
Nederland Community Center,,https://www.google.com/maps/place/Nederland+Community+Center/data=!4m2!3m1!1s0x876bc6c8ae7668ad:0xec746b7baa31dee6,,
Pinecliffe,,https://www.google.com/maps/place/Pinecliffe/data=!4m2!3m1!1s0x876bc0128cc7ac97:0xbdfdac5a0a37e659,,
Penitente Canyon Campground,,https://www.google.com/maps/place/Penitente+Canyon+Campground/data=!4m2!3m1!1s0x8715ecc07042e745:0x11a001597d722803,,
Dropped pin,,"https://www.google.com/maps/search/39.7485173,-105.1620615",,
Dropped pin,,"https://www.google.com/maps/search/39.7750978,-105.2234858",,
Gateway Mesa Open Space,,https://www.google.com/maps/place/Gateway+Mesa+Open+Space/data=!4m2!3m1!1s0x876c964d2522570b:0x74d7f136a2037e5f,,
"39°23'24.9""N 104°48'01.2""W",,"https://www.google.com/maps/search/39.39025,-104.8003333",,
Dropped pin,,"https://www.google.com/maps/search/39.7455308,-105.1187713",,
,,"https://www.google.com/maps/search/39.7454721,-105.1187549",,
Dropped pin,,"https://www.google.com/maps/search/39.7454295,-105.1187754",,
Dropped pin,,"https://www.google.com/maps/search/39.7455141,-105.1188045",,
Dropped pin,,"https://www.google.com/maps/search/39.7457067,-105.1188324",,
Dropped pin,,"https://www.google.com/maps/search/39.7457415,-105.1190148",,
Dropped pin,,"https://www.google.com/maps/search/39.7456505,-105.1189792",,
Dropped pin,,"https://www.google.com/maps/search/39.6524357,-105.0424454",,
Roxborough Park,,https://www.google.com/maps/place/Roxborough+Park/data=!4m2!3m1!1s0x876b6328b5b37ab7:0x32ac5892df399a6d,,
Dropped pin,,"https://www.google.com/maps/search/39.7406265,-105.5159223",,
Dropped pin,,"https://www.google.com/maps/search/39.7468425,-105.1248013",,
Dropped pin,,"https://www.google.com/maps/search/39.7423094,-105.1514031",,
Buckingham Park Parking Lot,,https://www.google.com/maps/place/Buckingham+Park+Parking+Lot/data=!4m2!3m1!1s0x876be52cc639c53f:0x708600df697057f2,,
Dropped pin,,"https://www.google.com/maps/search/39.760186,-105.1065475",,
Palmer Park,,https://www.google.com/maps/place/Palmer+Park/data=!4m2!3m1!1s0x87134f5bc2a5548f:0x5c5db07280958345,,
Lookout Mountain Park,,https://www.google.com/maps/place/Lookout+Mountain+Park/data=!4m2!3m1!1s0x876b9b3d0867f7e7:0x4ac5a39846243b36,,
River Run Park,,https://www.google.com/maps/place/River+Run+Park/data=!4m2!3m1!1s0x876c80126f0d1b23:0xc03c2683cfdf7ba0,,
Thumb Rock,,https://www.google.com/maps/place/Thumb+Rock/data=!4m2!3m1!1s0x876b85bf3d068393:0x871d665489c886d,,
Mount Morrison South Ridge Trailhead,,https://www.google.com/maps/place/Mount+Morrison+South+Ridge+Trailhead/data=!4m2!3m1!1s0x876b831ae539f82d:0x224678f0ef7b802d,,
Turkey Trot Trail,,https://www.google.com/maps/place/Turkey+Trot+Trail/data=!4m2!3m1!1s0x876b833585527715:0x27ccc812877471a6,,
Dropped pin,,"https://www.google.com/maps/search/39.5206191,-105.078967",,
Dropped pin,,"https://www.google.com/maps/search/39.7532755,-105.210469",,
Dropped pin,,"https://www.google.com/maps/search/39.7722996,-105.1518658",,
Dropped pin,,"https://www.google.com/maps/search/39.7472959,-105.1261628",,
Dropped pin,,"https://www.google.com/maps/search/39.7457141,-105.1235336",,
Dropped pin,,"https://www.google.com/maps/search/39.7750661,-105.1228416",,
Dropped pin,,"https://www.google.com/maps/search/39.7751774,-105.1131457",,
Dropped pin,,"https://www.google.com/maps/search/39.7442419,-105.1171912",,
Dropped pin,,"https://www.google.com/maps/search/39.7444051,-105.1169659",,
Golden,,https://www.google.com/maps/place/Golden/data=!4m2!3m1!1s0x876b856fa686bf2b:0xae74906d80c71df,,
Daniels Park,,https://www.google.com/maps/place/Daniels+Park/data=!4m2!3m1!1s0x876c9b455257ac25:0x42c2eeb22fd98486,,
Nature’s Valley,,https://www.google.com/maps/place/Nature%E2%80%99s+Valley/data=!4m2!3m1!1s0x876b81a059486727:0x5e9757fb81ab1981,,
Dropped pin,,"https://www.google.com/maps/search/39.7047202,-104.9335105",,
Bear Creek Park,,https://www.google.com/maps/place/Bear+Creek+Park/data=!4m2!3m1!1s0x876b8002ef3a5a11:0x9825c95d3b048b1,,
Red Rocks Elementary School,,https://www.google.com/maps/place/Red+Rocks+Elementary+School/data=!4m2!3m1!1s0x876b82c263acff71:0xc9e4926c7fa8db10,,
