id,title,lat,lng,note,comment,flagged_far_from_denver,miles_from_denver,resolved_label,source_url
1,Dropped pin,39.5317988,-105.0611461,"rockler wood working reccomendation, flight place, rc track, oval track, crawling spot.",,,14.8,,"https://www.google.com/maps/search/39.5317988,-105.0611461"
2,Devils Backbone Trail,40.4191736,-105.1563548,"was a recommended from a YouTube subscriber up north in Colorado, would be smart to go here to get some data points for app users up north.",,,47.8,"Devils Backbone Trail, Colorado 80538",https://www.google.com/maps/place/Devils+Backbone+Trail/data=!4m2!3m1!1s0x876951d8c31884fb:0x993a6965c04fdabe
3,Dropped pin,39.7753346,-105.1153264,,,,7.1,,"https://www.google.com/maps/search/39.7753346,-105.1153264"
4,Dropped pin,39.7753714,-105.1150196,,,,7.1,,"https://www.google.com/maps/search/39.7753714,-105.1150196"
5,Dropped pin,39.7754619,-105.1147158,,,,7.1,,"https://www.google.com/maps/search/39.7754619,-105.1147158"
6,Dropped pin,39.7753647,-105.114738,,,,7.1,,"https://www.google.com/maps/search/39.7753647,-105.114738"
7,Dropped pin,39.7757479,-105.1154226,,,,7.1,,"https://www.google.com/maps/search/39.7757479,-105.1154226"
8,Bridal Veil Falls,40.4355391,-105.5511104,,,,56.5,Bridal Veil Falls,https://www.google.com/maps/place/Bridal+Veil+Falls/data=!4m2!3m1!1s0x87696e59a580fb29:0x7974705ff30ceb6b
9,Maxwell Falls Trailhead,39.5624678,-105.3767184,,,,23.9,Maxwell Falls Trailhead,https://www.google.com/maps/place/Maxwell+Falls+Trailhead/data=!4m2!3m1!1s0x876b74e3cd9940bf:0xd6fc5e03e1b9063c
10,Tablelands,49.4379014,-57.9982852,,,YES,2365.4,Tablelands,https://www.google.com/maps/place/Tablelands/data=!4m2!3m1!1s0x4b7be37aa7b68a85:0xb81df2dcc4d4ba33
11,Northeast Colorado Springs,38.9077436,-104.8231956,,,,58.1,Northeast Colorado Springs,https://www.google.com/maps/place/Northeast+Colorado+Springs/data=!4m2!3m1!1s0x87134e3541538469:0x4f524ea29e26736a
12,Dropped pin,39.7055366,-105.106456,"Comp spot, known by people",,,6.6,,"https://www.google.com/maps/search/39.7055366,-105.106456"
13,"39°55'49.9""N 105°25'19.9""W",39.930528,-105.422194,From comp crawler fb group casey,,,26.5,,"https://www.google.com/maps/search/39.930528,-105.422194"
14,Coal Creek,39.910144,-105.3549395,,,,22.7,"Coal Creek, CO 80403",https://www.google.com/maps/place/Coal+Creek/data=!4m2!3m1!1s0x876b9516b29516f7:0x5446c0aebc6fe01
15,Lost Canyon Ranch Open Space,39.3518566,-104.789706,,,,28.8,Lost Canyon Ranch Open Space,https://www.google.com/maps/place/Lost+Canyon+Ranch+Open+Space/data=!4m2!3m1!1s0x876cbd755aa1c017:0xdfe4ebda06444387
16,653 S Fraser St,39.7046034,-104.8122649,From aaron rock pile aurora,,,9.8,"653 S Fraser St, Aurora, CO 80012",https://www.google.com/maps/place/653+S+Fraser+St/data=!4m2!3m1!1s0x876c62edc152d233:0x1ca1446826f6d9e8
17,Dropped pin,39.7489831,-105.1643424,,,,9.3,,"https://www.google.com/maps/search/39.7489831,-105.1643424"
18,"39°57'24.0""N 105°13'24.8""W",39.9566683,-105.2235441,From paul,,,19.5,,"https://www.google.com/maps/search/39.9566683,-105.2235441"
19,Dropped pin,39.7470918,-105.1532337,,,,8.7,,"https://www.google.com/maps/search/39.7470918,-105.1532337"
20,Dropped pin,39.7472846,-105.1278895,,,,7.3,,"https://www.google.com/maps/search/39.7472846,-105.1278895"
21,Alderfer/Three Sisters East Trailhead,39.6234478,-105.3464691,,,,20.6,Alderfer/Three Sisters Park East Trailhead,https://www.google.com/maps/place/Alderfer%2FThree+Sisters+East+Trailhead/data=!4m2!3m1!1s0x876b9e36a3acca67:0xb4f6baa6ce35df71
22,Three sisters,39.6232571,-105.3464656,,,,20.6,Three sisters,https://www.google.com/maps/place/Three+sisters/data=!4m2!3m1!1s0x876b9fa1cf1f0783:0x7e2585dde8bbf15f
23,4925 Boonsboro Rd #130,37.4465967,-79.2191264,,,YES,1395.9,"4925 Boonsboro Rd #130, Lynchburg, VA 24503",https://www.google.com/maps/place/4925+Boonsboro+Rd+%23130/data=!4m2!3m1!1s0x89b2d79f28399d4d:0x85a16bfa8d155e7b
24,Dropped pin,39.746793,-105.1522208,,,,8.6,,"https://www.google.com/maps/search/39.746793,-105.1522208"
25,Dropped pin,39.8956737,-105.0551876,Mini moad,,,11.3,,"https://www.google.com/maps/search/39.8956737,-105.0551876"
26,Dropped pin,39.6554112,-105.1964223,Rre red side,,,12.4,,"https://www.google.com/maps/search/39.6554112,-105.1964223"
27,Dropped pin,39.5342331,-105.1184337,,,,15.7,,"https://www.google.com/maps/search/39.5342331,-105.1184337"
28,Black Bear Trail,39.8329771,-105.4086233,,,,23.1,Black Bear Trail,https://www.google.com/maps/place/Black+Bear+Trail/data=!4m2!3m1!1s0x876bbd0bdd63ac1d:0xcd42e536ac8bc0e4
29,Crown Rock Trailhead,40.001799,-105.296997,,,,24.4,Crown Rock Trailhead my lookout spot,https://www.google.com/maps/place/Crown+Rock+Trailhead/data=!4m2!3m1!1s0x876bec1397e74d8f:0xdfd409867a7ebde6
30,Dropped pin,39.7482554,-105.1638506,,,,9.2,,"https://www.google.com/maps/search/39.7482554,-105.1638506"
31,The Peoples’ Crossing,40.0139526,-105.2958129,,,,25.0,The Peoples’ Crossing,https://www.google.com/maps/place/The+Peoples%E2%80%99+Crossing/data=!4m2!3m1!1s0x876bec1c1a2404f9:0x75a45deaa1933b8e
32,Dakota Ridge Trailhead,39.6976151,-105.2031734,Good incline,,,11.7,Dakota Ridge Trailhead,https://www.google.com/maps/place/Dakota+Ridge+Trailhead/data=!4m2!3m1!1s0x876b83445c3247e5:0x766b694239d118d1
33,"39°46'54.9""N 104°54'12.7""W",39.7819167,-104.9035278,Other crawling comp loc,,,5.5,,"https://www.google.com/maps/search/39.7819167,-104.9035278"
34,56 Slate Stone Ln,35.0782003,-83.8641399,,,YES,1200.2,"56 Slate Stone Ln, Hayesville, NC 28904",https://www.google.com/maps/place/56+Slate+Stone+Ln/data=!4m2!3m1!1s0x885edf413b8c6d7b:0xcfa4df633c95e463
35,Dropped pin,39.9009912,-105.0424203,,,,11.5,,"https://www.google.com/maps/search/39.9009912,-105.0424203"
36,Dropped pin,39.8998466,-105.0385911,,,,11.4,,"https://www.google.com/maps/search/39.8998466,-105.0385911"
37,Applewood,39.742298,-105.1196208,Bdnshhah,,,6.9,"Applewood, Lakewood, CO 80215",https://www.google.com/maps/place/Applewood/data=!4m2!3m1!1s0x876b8698cbd8898d:0xa68faad1874c6586
38,Fort Phoenix State Reservation,41.6248554,-70.8979457,,,YES,1779.4,Fort Phoenix State Reservation,https://www.google.com/maps/place/Fort+Phoenix+State+Reservation/data=!4m2!3m1!1s0x89e4e15ab6dc1359:0x62f9a7f2e04e87c1
39,Dropped pin,39.6529927,-105.0421745,,,,6.6,,"https://www.google.com/maps/search/39.6529927,-105.0421745"
40,Nederland Community Center,39.9646723,-105.5114919,,,,31.7,Nederland Community Center,https://www.google.com/maps/place/Nederland+Community+Center/data=!4m2!3m1!1s0x876bc6c8ae7668ad:0xec746b7baa31dee6
41,Pinecliffe,39.9320923,-105.4295406,,,,26.8,"Pinecliffe, CO",https://www.google.com/maps/place/Pinecliffe/data=!4m2!3m1!1s0x876bc0128cc7ac97:0xbdfdac5a0a37e659
42,Penitente Canyon Campground,37.8415969,-106.2850709,,,,148.5,Penitente Canyon Campground,https://www.google.com/maps/place/Penitente+Canyon+Campground/data=!4m2!3m1!1s0x8715ecc07042e745:0x11a001597d722803
43,Dropped pin,39.7485173,-105.1620615,,,,9.1,,"https://www.google.com/maps/search/39.7485173,-105.1620615"
44,Dropped pin,39.7750978,-105.2234858,,,,12.6,,"https://www.google.com/maps/search/39.7750978,-105.2234858"
45,Gateway Mesa Open Space,39.3879585,-104.8025278,,,,26.2,Gateway Mesa Open Space,https://www.google.com/maps/place/Gateway+Mesa+Open+Space/data=!4m2!3m1!1s0x876c964d2522570b:0x74d7f136a2037e5f
46,"39°23'24.9""N 104°48'01.2""W",39.39025,-104.8003333,,,,26.1,,"https://www.google.com/maps/search/39.39025,-104.8003333"
47,Dropped pin,39.7455308,-105.1187713,,,,6.8,,"https://www.google.com/maps/search/39.7455308,-105.1187713"
48,,39.7454721,-105.1187549,,,,6.8,,"https://www.google.com/maps/search/39.7454721,-105.1187549"
49,Dropped pin,39.7454295,-105.1187754,,,,6.8,,"https://www.google.com/maps/search/39.7454295,-105.1187754"
50,Dropped pin,39.7455141,-105.1188045,,,,6.8,,"https://www.google.com/maps/search/39.7455141,-105.1188045"
51,Dropped pin,39.7457067,-105.1188324,,,,6.8,,"https://www.google.com/maps/search/39.7457067,-105.1188324"
52,Dropped pin,39.7457415,-105.1190148,,,,6.9,,"https://www.google.com/maps/search/39.7457415,-105.1190148"
53,Dropped pin,39.7456505,-105.1189792,,,,6.9,,"https://www.google.com/maps/search/39.7456505,-105.1189792"
54,Dropped pin,39.6524357,-105.0424454,,,,6.6,,"https://www.google.com/maps/search/39.6524357,-105.0424454"
55,Roxborough Park,39.4591655,-105.0786091,,,,19.9,"Roxborough Park, CO",https://www.google.com/maps/place/Roxborough+Park/data=!4m2!3m1!1s0x876b6328b5b37ab7:0x32ac5892df399a6d
56,Dropped pin,39.7406265,-105.5159223,,,,27.9,,"https://www.google.com/maps/search/39.7406265,-105.5159223"
57,Dropped pin,39.7468425,-105.1248013,,,,7.2,,"https://www.google.com/maps/search/39.7468425,-105.1248013"
58,Dropped pin,39.7423094,-105.1514031,,,,8.6,,"https://www.google.com/maps/search/39.7423094,-105.1514031"
59,Buckingham Park Parking Lot,40.1111771,-105.3064755,,,,30.7,Buckingham Park Parking Lot,https://www.google.com/maps/place/Buckingham+Park+Parking+Lot/data=!4m2!3m1!1s0x876be52cc639c53f:0x708600df697057f2
60,Dropped pin,39.760186,-105.1065475,,,,6.3,,"https://www.google.com/maps/search/39.760186,-105.1065475"
61,Palmer Park,38.8785002,-104.7678925,,,,60.6,Palmer Park,https://www.google.com/maps/place/Palmer+Park/data=!4m2!3m1!1s0x87134f5bc2a5548f:0x5c5db07280958345
62,Lookout Mountain Park,39.7333582,-105.2384861,,,,13.2,Lookout Mountain Park,https://www.google.com/maps/place/Lookout+Mountain+Park/data=!4m2!3m1!1s0x876b9b3d0867f7e7:0x4ac5a39846243b36
63,River Run Park,39.6432008,-105.015164,,,,6.8,River Run Park,https://www.google.com/maps/place/River+Run+Park/data=!4m2!3m1!1s0x876c80126f0d1b23:0xc03c2683cfdf7ba0
64,Thumb Rock,39.7449801,-105.2011514,,,,11.2,Thumb Rock,https://www.google.com/maps/place/Thumb+Rock/data=!4m2!3m1!1s0x876b85bf3d068393:0x871d665489c886d
65,Mount Morrison South Ridge Trailhead,39.6543888,-105.2026214,,,,12.7,Mount Morrison South Ridge Trailhead,https://www.google.com/maps/place/Mount+Morrison+South+Ridge+Trailhead/data=!4m2!3m1!1s0x876b831ae539f82d:0x224678f0ef7b802d
66,Turkey Trot Trail,39.6467387,-105.1984186,,,,12.8,Turkey Trot Trail,https://www.google.com/maps/place/Turkey+Trot+Trail/data=!4m2!3m1!1s0x876b833585527715:0x27ccc812877471a6
67,Dropped pin,39.5206191,-105.078967,,,,15.8,,"https://www.google.com/maps/search/39.5206191,-105.078967"
68,Dropped pin,39.7532755,-105.210469,,,,11.7,,"https://www.google.com/maps/search/39.7532755,-105.210469"
69,Dropped pin,39.7722996,-105.1518658,,,,8.9,,"https://www.google.com/maps/search/39.7722996,-105.1518658"
70,Dropped pin,39.7472959,-105.1261628,,,,7.2,,"https://www.google.com/maps/search/39.7472959,-105.1261628"
71,Dropped pin,39.7457141,-105.1235336,,,,7.1,,"https://www.google.com/maps/search/39.7457141,-105.1235336"
72,Dropped pin,39.7750661,-105.1228416,,,,7.5,,"https://www.google.com/maps/search/39.7750661,-105.1228416"
73,Dropped pin,39.7751774,-105.1131457,,,,7.0,,"https://www.google.com/maps/search/39.7751774,-105.1131457"
74,Dropped pin,39.7442419,-105.1171912,,,,6.8,,"https://www.google.com/maps/search/39.7442419,-105.1171912"
75,Dropped pin,39.7444051,-105.1169659,,,,6.7,,"https://www.google.com/maps/search/39.7444051,-105.1169659"
76,Golden,39.7804785,-105.1869751,,,,10.8,"Golden, CO 80403",https://www.google.com/maps/place/Golden/data=!4m2!3m1!1s0x876b856fa686bf2b:0xae74906d80c71df
77,Daniels Park,39.4726811,-104.9220661,,,,18.8,Daniels Park,https://www.google.com/maps/place/Daniels+Park/data=!4m2!3m1!1s0x876c9b455257ac25:0x42c2eeb22fd98486
78,Nature’s Valley,39.7188139,-105.1072795,,,,6.4,Nature’s Valley,https://www.google.com/maps/place/Nature%E2%80%99s+Valley/data=!4m2!3m1!1s0x876b81a059486727:0x5e9757fb81ab1981
79,Dropped pin,39.7047202,-104.9335105,,,,3.8,,"https://www.google.com/maps/search/39.7047202,-104.9335105"
80,Bear Creek Park,39.6515855,-105.0462437,,,,6.7,Bear Creek Park,https://www.google.com/maps/place/Bear+Creek+Park/data=!4m2!3m1!1s0x876b8002ef3a5a11:0x9825c95d3b048b1
81,Red Rocks Elementary School,39.6566798,-105.1971311,,,,12.4,Red Rocks Elementary School,https://www.google.com/maps/place/Red+Rocks+Elementary+School/data=!4m2!3m1!1s0x876b82c263acff71:0xc9e4926c7fa8db10
